{"cameraMode":{"drawMode":0,"name":"Shaded","section":"Shading Mode"},"sceneLighting":false,"audioPlay":false,"sceneViewState":{"showFog":true,"showMaterialUpdate":false,"showSkybox":true,"showFlares":true,"showImageEffects":true,"showParticleSystems":true},"in2DMode":false,"pivot":{"x":-301.080322265625,"y":6.041675090789795,"z":-297.8299865722656},"rotation":{"x":-0.03728727996349335,"y":-0.2656654715538025,"z":-0.010284021496772766,"w":0.9632890820503235},"size":4.79667329788208,"orthographic":false}