{"cameraMode":{"drawMode":0,"name":"Shaded","section":"Shading Mode"},"sceneLighting":false,"audioPlay":false,"sceneViewState":{"showFog":true,"showMaterialUpdate":false,"showSkybox":true,"showFlares":true,"showImageEffects":true,"showParticleSystems":true},"in2DMode":false,"pivot":{"x":5.409010887145996,"y":24.884498596191408,"z":27.038808822631837},"rotation":{"x":0.04068637639284134,"y":-0.6080412864685059,"z":0.031225714832544328,"w":0.7922471165657044},"size":11.126333236694336,"orthographic":false}